Sample,Cr,Cu,As,Se,Cd,Sn,Pb,Rb(ug/L),Ru,Cs,Ir,V,Co,Ag,Pt,Au,Ti, Li  ,Al,Ti,Ni,Sr,Mo,Rh,Sb,Te,Ba,Hg,Zn,Ca,Fe,K,Mn,Cu,Na,P,Mg
1,1.624,13.363,0.636,3.36,0.021,0.06,0.407,7.312,0.034,0.71,0.109,0.032,0.054,0.054,0.172,0,0.004,0,10.16,7.341,0.751,4.669,0.368,0,0.037,0,1.535,0,4.2,6.86,2.53,331.4,16.38,65.23,67.23,172.3,20.28
2,0.447,13.12,0.662,2.172,0.016,0.053,0.724,8.415,0.011,0.405,0,0.071,0.048,0.048,0,0.075,0.005,0,11.198,6.397,0.432,17.101,0.24,0,0.037,0,4.027,0.038,3.87,16.55,1.85,302.86,18.27,55.79,31.83,157.76,21.57
3,2.635,14.561,0.44,1.468,0.05,0.057,0.276,6.964,0.115,0.48,0,0.032,0.037,0.037,0.04,0.14,0.003,0,6.235,5.283,0.391,9.319,0.164,0,0.038,0,2.435,0.038,4.44,10.81,2.42,303.99,18.8,66.68,63.04,151.12,18.89
4,0.435,14.66,0.258,2.46,0.01,0.035,0.359,5.606,0.072,0.438,0.018,0.035,0.05,0.05,0.04,0,0.001,0,0.626,6.066,0.072,6.523,0.208,0,0.035,0,1.741,0,3.92,8.81,3.32,339.31,20.87,76.34,66.79,172.65,20.08
5,0.458,8.423,0.234,1.93,0.026,0.12,1.009,5.019,0.014,0.692,0.019,0.047,0.016,0.016,0,0.072,0,1.784,6.19,6.446,0.361,13.618,0.281,0,0.058,0,3.005,0.016,3.5,20.19,1.7,348.04,18.18,39.8,69.46,173.52,21.95
6,0.215,8.025,0.263,1.081,0.01,0.048,0.206,7.685,0,0.417,0,0.045,0.074,0.074,0,0,0.004,0,1.417,5.236,0.065,6.505,0.087,0,0.029,0,2.021,0.016,6.15,8.22,1.39,307.02,14.33,37.54,51.4,158.76,19.53
7,0.3,8.12,0.292,2.306,0.007,0.01,0.066,9.176,0.041,0.662,0.037,0.022,0.021,0.021,0.043,0,0.003,0,1.872,8.304,0.183,4.311,0.112,0,0.02,0,1.425,0.001,4.31,6.52,1.82,365.29,11.25,41.04,51.83,182.11,22.28
8,0.366,12.759,0.258,1.652,0.02,0.101,0.617,5.115,0.022,0.421,0.054,0.062,0.076,0.076,0.04,0,0.001,0,8.818,4.006,0.205,10.251,0.086,0,0.043,0,3.08,0,4.99,13.83,2.03,276.37,22.79,57,50.78,141.7,18.48
9,0.493,14.662,0.185,3.444,0.01,0.087,0.394,7.392,0.021,0.516,0,0.059,0.053,0.053,0.087,0,0.002,0,13.323,6.432,0.031,13.965,0.152,0,0.024,0,10.467,0,3.99,40.29,2.2,330.01,14.29,64.23,68.95,186.17,20.17
10,0.388,13.046,0.338,2.579,0.025,0.089,2.863,5.315,0.193,0.586,0.061,0.042,0.035,0.035,0,0,0.005,0,74.899,5.367,0.176,6.315,0.099,0.003,0.046,0,2.044,0,4.74,8.66,1.99,331.71,13.78,54.09,59.13,169.8,20.2
11,1.585,12.735,0.21,1.95,0.014,0.066,0.23,4.199,0.014,0.128,0.035,0.064,0.049,0.049,0.043,0,0.002,0,6.552,5.058,0.608,8.711,0.119,0,0.055,0,2.294,0,6.58,10.18,2.62,280.23,18.46,59.89,94.25,139.71,18.33
12,0.223,13.457,0.129,2.145,0.01,0.01,0.165,10,0.17,0.71,0,0.031,0.099,0.099,0,0.088,0.001,0,1.638,3.635,0,4.087,0.084,0,0.006,0,1.223,0.004,6.31,6.13,2.26,316.95,16.15,71.48,49.32,163.77,19.51
13,0.497,14.577,0.315,0.968,0.017,0.087,0.494,2.946,0.024,0.234,0,0.052,0.051,0.051,0.048,0,0.002,2.166,18.725,7.252,0.434,26.907,0.193,0.002,0.132,0,7.106,0.001,4.15,16.41,1.74,324.05,25.51,74.72,65.26,163.82,21.45
14,0.219,9.282,0.149,1.434,0.008,0.067,0.157,6.217,0.137,0.487,0.049,0.012,0.023,0.023,0.084,0.082,0.001,0,8.642,5.702,0.011,5.427,0.078,0,0.028,0,1.812,0,4.71,8.55,1.53,360.75,11.93,43.76,49.51,173.45,19.87
15,0.325,12.96,0.217,2.447,0.004,0.043,0.471,9.403,0,0.431,0,0.06,0.048,0.048,0,0.092,0.007,1.987,6.756,6.184,0.081,10.503,0.084,0.002,0.036,0,3.07,0.035,4.33,11.53,1.67,341.8,18.15,60.31,34.98,172.18,21.59
16,3.019,13.261,0.171,2.124,0.012,0.072,0.345,10.986,0,1.464,0.036,0.01,0.034,0.034,0,0,0.005,0,7.233,4.505,0.065,4.749,0.042,0,0.03,0,1.556,0.002,3.37,7.69,2.04,330.61,18.08,65.54,42.36,166.86,20.21
17,0.285,10.687,0.297,1.898,0.015,0.057,0.198,5.401,0.014,0.21,0.02,0.017,0.031,0.031,0.076,0,0.005,0,3.289,5.715,0.127,8.522,0.154,0,0.044,0,2.572,0.022,7.05,8.41,1.91,325.97,17.24,47.31,74.29,161.8,19.02
18,0.199,14.11,0.178,2.311,0.031,0.033,0.42,3.929,0.004,0.271,0,0.041,0.012,0.012,0,0,0.004,0,28.956,4.687,0.208,8.513,0.066,0.003,0.018,0,2.271,0,4.37,10.83,2.1,318.51,15.97,64.76,48.86,164.6,18.92
19,0.949,11.901,0.229,2.552,0.023,0.033,0.429,3.74,0.092,0.26,0.018,0.048,0.05,0.05,0.081,0,0,0,3.32,5.632,0.08,10.106,0.123,0,0.034,0,2.615,0.001,3.69,9.95,1.49,333.38,17.61,59.15,58.2,167.37,19.97
20,0.312,9.189,0.117,1.958,0.007,0.029,0.117,7.047,0.018,0.596,0.036,0.046,0.036,0.036,0.085,0,0.002,0,7.257,8.478,0.082,5.508,0.078,0,0.151,0,1.707,0,3.44,7.91,1.22,239.15,10.63,47.12,239.25,196.39,14.61
21,0.666,10.095,0.202,1.754,0.015,0.052,1.31,4.341,0.024,0.364,0.037,0.074,0.09,0.09,0,0.172,0,0,8.094,2.844,0.176,15.011,0.2,0,0.044,0,3.895,0.005,6.09,15.67,1.78,218.32,20.27,55.13,79.49,121.76,16.41
22,0.413,8.042,0.158,1.228,0.016,0.041,0.417,2.736,0,0.069,0.036,0.101,0.023,0.023,0.128,0,0.002,0,3.222,8.339,0.355,8.263,0.15,0,0.268,0,2.184,0,3.18,9.32,1.41,212.77,11.56,43.3,322.23,209.93,12.64
23,0.304,12.78,0.558,4.354,0.008,0.055,0.338,7.259,0.009,0.255,0.037,0.032,0.116,0.116,0.042,0,0,0,2.629,4.458,0.364,11.106,0.052,0,0.062,0,3.022,0,6.87,14.09,2.02,299.13,21.73,64.4,53.21,153.2,19.52
24,0.294,11.986,0.177,2.193,0.017,0.056,0.589,10.362,0.038,0.579,0,0.091,0.067,0.067,0,0,0.003,0,11.021,4.989,0.291,11.961,0.102,0.001,0.048,0,3.179,0.002,4.88,13.62,1.96,327.48,22.81,66.57,45.35,164.68,21.57
25,0.632,11.598,0.205,1.827,0.005,0.077,1.737,14.269,0.004,0.478,0,0.06,0.045,0.045,0.048,0.14,0.005,0,3.77,4.846,0.222,20.482,0.06,0,0.023,0,17.611,0,2.95,64.31,4.53,263.42,22.08,62.94,68.4,160.5,16.67
26,0.214,17.489,0.145,2.401,0.018,0.041,0.331,4.795,0.019,0.173,0.04,0.049,0.076,0.076,0.049,0,0.005,1.723,5.569,2.517,0.308,13.528,0.155,0,0.051,0,3.442,0,6.01,14.37,1.76,220.85,23.04,88.77,42.22,134.4,17.76
27,0.188,11.22,0.272,2.156,0.007,0.095,2.102,3.85,0.014,0.265,0,0.046,0.082,0.082,0.088,0.087,0.003,0,1.263,1.873,0.022,3.649,0.157,0,0.017,0,1.297,0,4.01,6.13,1.38,249.45,12.92,47.77,39.74,133.27,14.93
28,0.527,10.141,0.297,2.896,0.01,0.043,0.214,8.688,0,0.646,0.036,0.028,0.019,0.019,0.21,0,0,2.357,1.951,6.251,0.113,5.952,0.088,0,0.033,0,1.98,0,3.7,7.99,1.9,322.4,14.71,44.81,62.51,162.62,19.7
29,1.006,14.655,0.414,2.055,0.011,0.025,0.374,4.862,0.059,0.343,0,0.093,0.06,0.06,0.041,0,0.002,0,8.94,2.493,0,11.529,0.111,0,0.033,0.042,4.74,0.001,4.83,18.03,1.59,204.47,22.05,69.69,67.56,112.96,14.22
30,0.317,13.775,0.202,2.06,0.045,0.126,1.071,7.955,0.037,0.525,0.017,0.086,0.135,0.135,0.04,0.182,0.001,0,0,0,0,1.033,0,0,0.002,0,0.275,0,4.08,18.47,1.58,279.86,25.42,64.59,45.68,145.33,19.46
31,0.263,9.782,0.117,3.761,0.003,0.04,0.183,2.488,0.004,0.128,0.014,0.05,0.066,0.066,0,0,0.001,0,0.811,4.233,0,5.955,0.099,0.004,0.03,0,1.618,0,4.65,7.4,1.02,273.57,11.07,46.49,48.3,135.41,15.34
32,0.337,7.147,0.222,1.534,0.02,0.032,0.269,4.737,0,0.364,0.018,0.014,0.056,0.056,0.052,0,0.003,0,2.801,4.694,0.171,7.808,0.022,0.002,0.038,0,2.302,0,2.87,9.64,1.12,292.78,14.49,31.86,45.19,143.16,17.26
33,0.233,19.288,0.323,1.158,0.014,0.056,0.202,1.903,0.005,0.076,0,0.026,0.019,0.019,0,0.084,0.004,0,0,0,0,2.481,0,0.002,0.005,0,0.639,0.003,3.36,7.78,2.92,314.07,19.79,98.29,39.94,169.68,19.23
34,3.314,9.94,0.174,3.709,0.025,0.075,0.265,12.966,0,0.312,0,0.025,0.084,0.084,0.045,0,0,0,0,0,0,2.13,0,0.014,0.005,0.025,0.614,0,3.19,8.44,1.65,298.73,12.74,46.9,58.13,150.45,17.85
35,2.215,12.835,0.214,1.534,0.031,0.058,0.324,8.197,0,0.537,0.036,0.017,0.062,0.062,0.045,0,0.005,0,0,0,0,0.776,0,0,0,0,0.124,0,2.81,11.32,1.86,317.5,29.69,63.05,39.94,163,20.62
36,0.34,13.843,0.131,2.158,0.003,0.06,0.532,11.319,0.014,0.574,0,0.043,0.081,0.081,0.045,0,0.002,1.472,1.155,2.507,0.106,5.068,0.049,0.003,0.021,0.027,1.633,0,5.84,7.84,3.46,324.72,21.59,71.73,55.63,167.72,19.76
37,0.244,14.801,0.104,3.136,0.023,0.047,0.279,14.33,0.004,0.626,0,0.064,0.099,0.099,0.064,0,0.004,0,4.05,5.166,0.158,8.342,0.097,0.001,0.037,0,2.391,0,5.05,11.24,2.04,320.37,25.11,81.61,77.34,159.25,19.93
38,0.261,14.34,0.142,2.337,0.028,0.058,0.736,7.098,0,0.426,0.018,0.062,0.113,0.113,0.061,0,0.004,0,3.563,3.356,0.075,4.716,0.051,0,0.036,0,1.718,0,5.45,8.41,1.39,282.79,12.3,66.74,54.83,152.18,17.16
39,0.624,11.485,0.267,2.075,0.017,0.077,0.26,5.006,0.001,0.265,0,0.05,0.05,0.05,0.173,0.09,0.003,2.156,5.957,3.333,0.264,10.294,0.077,0,0.042,0,2.576,0,5.27,11.95,1.64,247.33,16.33,54.63,53.23,125.18,16.28
40,0.328,10.42,0.175,1.543,0.01,0.029,0.36,7.58,0,0.425,0,0.02,0.028,0.028,0.091,0,0.002,0,2.018,6.678,0.143,6.137,0.052,0.003,0.021,0,1.716,0,4.22,11.68,1.89,363.91,13.04,52.55,63.36,177.95,20.92
41,0.321,15.638,0.173,0.753,0.029,0.124,0.168,4.994,0,0.174,0,0.046,0.036,0.036,0.051,0.073,0.004,1.307,195.049,2.052,0.007,4.844,0.008,0.001,0.022,0,1.543,0,3.91,7.65,2.52,289.55,14.7,75.81,42.52,155.08,17.55
42,0.325,16.254,0.067,2.366,0.015,0.089,0.319,15.166,0,3.08,0.037,0.005,0,0,0.1,0,0.006,1.969,43.474,5.206,0,5.405,0.042,0.004,0.01,0,1.717,0,4.12,6.97,2.47,337.03,16.89,73.31,46.17,168.02,19.77
43,0.647,13.245,0.36,2.541,0.02,0.135,0.445,5.377,0,0.279,0.018,0.048,0.089,0.089,0.039,0,0.001,0,85.068,4.762,0.103,7.226,0.025,0,0.03,0,2.614,0,4.91,16.91,1.97,281.06,18.15,63.24,47.7,144.69,17.7
44,0.618,13.709,0.294,3.666,0.06,0.091,0.637,8.821,0,0.273,0.035,0.064,0.108,0.108,0.133,0,0,0,9.609,4.289,0.097,16.864,0.111,0.001,0.073,0,4.4,0,5.07,16.83,2.39,274.36,30.42,69.31,68.44,138.92,18.24
45,0.531,12.581,0.223,2.638,0,0.059,1.816,5.8,0,0.397,0,0.059,0.206,0.206,0.045,0.16,0.002,0,10.214,2.813,0.196,8.723,0.11,0.002,0.034,0,2.707,0,3.97,12.93,1.61,293.68,24.57,59.41,47.65,150.72,19
46,0.776,14.115,0.288,3.11,0.014,0.091,0.916,6.486,0,0.259,0,0.032,0.076,0.076,0.094,0,0.005,0,16.007,4.272,0.122,5.008,0.102,0.004,0.025,0,1.34,0,4.48,5.98,4.81,297.28,19.18,64.22,41.66,145.56,17.05
47,1.081,12.237,0.156,2.996,0.007,0.026,0.491,8.648,0,0.375,0,0.033,0.044,0.044,0.047,0,0.008,0,2.989,3.802,0.015,6.953,0.034,0.002,0.031,0,1.999,0.002,3.63,11.2,2.15,357.44,13.51,58.53,63.87,181.61,22.25
48,0.307,8.146,0.157,1.003,0.022,0.035,0.167,8.995,0,1.015,0,0.076,0.111,0.111,0.066,0.122,0.003,0,9.393,3.562,0.134,9.83,0.065,0,0.041,0,2.935,0,2.26,13,1.1,322.9,16.87,39.13,51.28,160.49,19.84
49,0.589,16.627,0.418,9.421,0.011,0.077,0.65,3.646,0,0.19,0.018,0.016,0.023,0.023,0,0,0.002,0,9.462,6.754,0.059,5.169,0.119,0.008,0.018,0,1.798,0,3.02,6.58,3.26,367.87,19.68,69.82,51.09,177.17,20.37
50,0.574,11.489,0.39,4.475,0.008,0.055,0.702,5.459,0,0.332,0,0.038,0.129,0.129,0,0,0,0,2.279,3.885,0.23,6.62,0.067,0.001,0.047,0,2.085,0,5.42,11.54,3.97,335.42,23.31,50.98,39.8,165.56,20.24
51,0.432,13.007,0.389,3.405,0.014,0.026,0.456,7.676,0,0.416,0,0.022,0.054,0.054,0,0,0.003,0,6.71,4.016,0,5.618,0.006,0.002,0.015,0,1.675,0,4.84,9.96,2.35,333.79,13.57,62.68,47.38,167.59,19.76
52,0.444,15.515,0.267,1.635,0.026,0.073,0.941,2.637,0,0.163,0.018,0.018,0.024,0.024,0.091,0.171,0,0,35.459,4.258,0.145,5.26,0.008,0.004,0.037,0,1.616,0,4.07,6.3,2.61,343.5,16.88,67.75,52.9,186.05,20.58
53,0.476,14.992,0.2,2.738,0.026,0.021,0.398,6.129,0,0.461,0,0.051,0.101,0.101,0.042,0,0.002,0,1.699,3.596,0,6.798,0.034,0.001,0.015,0,1.799,0,5.43,9.74,1.99,308.95,14.8,69.88,58.78,162.62,19.87
54,0.76,10.213,0.224,2.734,0.029,0.064,0.692,12.492,0,0.969,0.039,0.044,0.073,0.073,0.108,0,0.003,0,7.218,4.28,0.085,5.642,0.116,0.004,0.024,0,1.863,0,4.12,10.12,1.85,344.92,20.04,49.63,61.23,170.46,19.94
55,0.372,15.204,0.126,2.683,0.012,0.063,0.27,12.567,0,0.619,0,0.047,0.084,0.084,0.054,0,0.005,0,3.168,3.983,0.054,8.549,0.072,0.012,0.059,0,2.355,0,6.17,14.67,1.88,353.97,28.96,70.71,50.98,186.15,23.31
56,0.474,16.173,0.311,4.052,0.015,0.043,0.233,7.126,0,0.453,0,0.072,0.087,0.087,0.262,0,0.006,0,5.415,5.936,0.131,6.779,0.052,0.003,0.036,0,2.26,0,6.65,9.95,2.2,333.8,24.46,77.33,71.04,165.86,19.48
57,0.767,13.522,0.196,5.835,0.028,0.03,0.297,11.855,0,0.896,0.018,0.023,0.067,0.067,0,0.087,0.005,0,7.063,5.019,0.118,6.254,0.139,0.006,0.022,0,2.101,0,6.42,9.9,2.12,354.51,21.46,62.94,62.31,172.2,20.15
58,0.281,15.603,0.176,2.367,0.001,0,0.093,3.249,0,0.073,0,0.016,0.03,0.03,0,0,0.005,0,1.286,6.128,0.016,3.257,0.082,0.004,0.01,0,1.047,0,4.86,5.93,2.99,351.89,12.6,72.8,49.7,176.88,19.67
59,0.547,15.738,0.195,1.568,0.017,0.037,2.13,8.355,0,0.524,0.019,0.052,0.066,0.066,0.047,0.086,0.007,0,65.574,7.228,0.41,5.601,0.064,0.002,0.029,0,1.846,0,4.74,8.33,2.74,336.81,21.53,81.99,61.63,179,20.47
60,0.909,16.677,0.218,2.766,0.048,0.031,2.559,14.473,0,2.835,0,0.023,0.058,0.058,0,0,0.007,0,11.64,3.857,0.091,6.733,0.042,0.006,0.034,0,2.512,0,4.1,9.46,2.84,357.47,22.42,78.26,54.84,178.12,21.14
61,0.353,11.976,0.152,1.803,0.021,0.03,0.714,21.873,0,2.356,0,0.032,0.019,0.019,0,0,0.125,0,1.557,4.826,0.618,2.717,0.022,0.004,0.02,0,1.037,0,2.49,4.68,1.55,280.29,12.53,53.44,29.18,143.32,15.88
62,0.439,12.027,0.21,2.058,0.025,0.062,0.754,6.069,0,0.147,0,0.024,0.065,0.065,0,0.178,0.001,0,5.378,3.374,0.121,7.411,0.045,0.003,0.032,0,2.511,0,3.83,10.55,1.97,265.42,17.3,54.54,70.42,131.89,16.16
63,0.356,11.322,0.284,1.611,0.018,0.05,0.528,8.149,0,0.301,0,0.023,0.03,0.03,0,0,0.005,0,31.338,3.827,0.041,7.15,0.069,0.004,0.03,0,2.269,0,3.05,10.44,1.78,301.08,16.11,51.25,41.78,148.99,18.44
64,0.517,11.618,0.146,2.388,0,0.028,0.241,9.033,0,0.177,0,0.012,0.045,0.045,0,0,0.002,0,7.785,5.712,0.076,4.128,0.077,0.006,0.008,0,1.697,0,3.32,5.23,1.85,360.52,5.84,46.32,42.94,178.66,19.98
65,0.08,6.561,0.078,3.731,0.018,0.007,0.299,1.147,0,0.049,0,0,0.002,0.002,0.141,0,0.003,0,4.382,0,0,2.665,0,0.007,0.006,0,0.837,0,0.73,3.16,0.72,114.36,6.88,25.59,15.47,58.57,7.06
66,0.42,11.659,0.081,4.898,-0.003,0.026,0.187,3.014,0.001,0.094,0.033,0.005,0.024,0.024,0.202,0.102,0.004,0,0,2.528,0.034,4.787,0.09,0.005,0.01,0,1.412,0,4.4,7.83,2.12,263.02,12.51,55.9,70.37,134.41,16.38
67,0.005,1.776,0.056,0.368,0.025,-0.001,0.144,1.07,0,0.073,0,0.006,0,0,0,0,0,0,0.053,0,0,4.385,0,0.06,0.004,0.035,1.556,0,0.64,4.8,0.23,35.45,11.09,3.65,6.8,17.06,2.95
68,0.506,5.184,0.094,2.013,0.01,0.011,0.136,5.843,0,0.397,0.031,0.018,0,0,0.055,0,0.004,0,7.185,1.225,0.048,4.122,0.043,0.004,0.012,0,1.448,0,2.07,6.89,0.9,136.07,13.55,16.15,33.83,67.55,8.6
69,0.16,13.813,0.157,0.607,0.013,0.071,0.273,2.424,0,0.062,0.066,0.028,0.042,0.042,0,0,0.002,1.58,7.598,4.065,0.117,9.368,0.041,0.002,0.034,0,3.168,0,3.03,13.53,2.94,300.17,30.53,70,42.74,155.56,18.97
70,0.592,9.309,0.239,1.205,0.026,0.021,0.112,3.889,0,0.274,0,0.03,0.041,0.041,0.047,0,0,0,1.148,3.349,0,7.897,0.168,0,0.018,0,2.111,0,4.83,10.51,1.46,191.79,12.41,38.9,53.74,100.98,14.1
71,0.931,8.166,0.242,1.393,0.022,0.006,0.157,5.661,0,0.467,0,0.019,0.033,0.033,0.053,0,0.002,0,15.639,3.272,0.092,9.178,0.231,0.007,0.03,0,2.661,0,5.06,10.39,1.5,242.66,22.44,37.45,52.35,125.35,16.54
72,0.26,7.657,0.075,7.566,0.009,-0.005,0.162,15.158,0,1.376,0,0.032,0.044,0.044,0,0.113,0.01,0,4.746,3.041,0.015,9.119,0.061,0.002,0.036,0,2.997,0,3.14,11.32,1.08,290.15,19.96,32.75,41.08,137.75,17.18
73,0.507,9.471,0.078,4.935,0.026,0.021,0.111,20.868,0,1.88,0,0.035,0.031,0.031,0.049,0,0.101,0,2.968,3.899,0.062,4.337,0.044,0.005,0.017,0,1.191,0,3.16,5.55,1.73,286.08,13.08,38.72,32.89,144.74,16.39
74,0.276,8.114,0.15,1.431,0.045,0.037,0.379,7.455,0,0.492,0,0.028,0.057,0.057,0.05,0,0,0,5.369,4.02,0.085,10.251,0.071,0,0.059,0,3.67,0,4.16,12.91,1.26,225.11,19.91,34.13,43.6,117.17,14.75
75,0.148,7.622,0.146,0.789,0.032,0.022,0.286,1.521,0,0.076,0,0.018,0.021,0.021,0.096,0,0.001,0,3.594,1.152,0,7.95,0.039,0.005,0.036,0,2.13,0,2.91,9.55,0.91,166.16,14.96,32.26,28.25,87.51,11.49
76,0.504,6.619,0.074,1.858,0.032,0.086,0.519,9.28,0,0.164,0,0.047,0.095,0.095,0,0,0.001,0,11.308,1.987,0.115,10.634,0.017,0.004,0.047,0,3.906,0,2.19,10.93,0.97,135.98,22.9,27.72,30.54,68.49,9.64
77,0.106,5.124,0.088,3.398,0.014,0.004,0.214,2.703,0,0.125,0.034,0,0.03,0.03,0,0,0.001,1.417,2.168,0.354,0.026,3.342,0.003,0.002,0.009,0,1.004,0,1.28,5.02,0.69,121.97,11.38,19.86,23.37,62.84,7.69
78,0.333,6.46,0.145,1.967,0.008,0.067,0.262,3.139,0,0.134,0,0.033,0.02,0.02,0,0,0.002,0,2.728,2.949,0.04,5.383,0.055,0.003,0.026,0,1.696,0,1.96,6.37,1.36,187.88,12.87,23.92,40.71,95.31,11.84
79,0.18,7.177,0.047,2.284,0.025,0.031,0.414,1.478,0,0.11,0,0.024,0.004,0.004,0,0,0.005,1.532,17.779,1.03,0.407,7.467,0,0.003,0.034,0,2.498,0,1.61,8.25,0.87,132.15,16.53,26.33,24.51,69.09,8.92
80,0.192,2.716,0.122,0.733,0.023,0.012,0.223,0.712,0,0.027,0,0.034,0.03,0.03,0.102,0,0.002,1.995,5.368,1.979,0.134,18.203,0.101,0.002,0.065,0,4.191,0,0.58,10.84,0.32,36.06,18.7,11.29,171.13,65.31,4.01
81,0.324,13.245,0.132,1.323,0.028,0.032,0.265,4.548,0,0.13,0,0.061,0.049,0.049,0,0.101,0.009,0,152.891,2.681,0.058,10.261,0.041,0,0.015,0,2.513,0,4.9,12.85,2.27,189.73,15.92,62.81,37.74,117.23,14.79
82,0.685,14.895,0.145,3.181,0.02,0.142,2.75,9.91,0.001,0.289,0,0.074,0.1,0.1,0.049,0,0.01,0,4.722,7,0.321,3.245,0.115,0.003,0.025,0,1.237,0,4.36,5.82,8.36,348.1,24.47,60.87,36.55,179.38,20.01
83,0.297,9.852,0.071,1.624,0.009,0.045,0.42,5.016,0,0.215,0,0.029,0.033,0.033,0.097,0.095,0.012,0,7.167,3.321,0.029,4.275,0.02,0,0.848,0.07,1.207,0,3.71,7,1.43,187.51,12.71,45.12,31.62,104.05,11.91
84,0.254,13.761,0.153,2.503,0.001,0.014,0.184,16.542,0,2.275,0,0.021,0.023,0.023,0,0,0.009,0,7.287,4.655,0,3.484,0.01,0,0.007,0,1.126,0,4.17,6.59,2.61,294.75,12.56,63.63,41.07,150.48,17.53
85,0.29,19.343,0.124,1.019,0.033,0.013,0.218,5.015,0,0.382,0,0.016,0.022,0.022,0.054,0,0.004,1.383,0.858,1.892,0,4.184,0.021,0,0.034,0,1.15,0,5.39,6.33,2.13,162.22,19.71,100.42,27.37,113.85,12.92
86,0.517,8.351,0.328,2.14,0.012,0.119,0.151,4.943,0,0.098,0,0.083,0.062,0.062,0.072,0.133,0.005,0,2.653,4.436,0.098,5.95,0.029,0,0.048,0,1.873,0,5.19,8.35,4.18,312.86,21.49,43.67,35.73,165.5,21.15
87,0.609,10.809,0.232,1.821,0.011,0.029,0.417,3.014,0,0.227,0.037,0.031,0.151,0.151,0.045,0,0,1.642,12.088,2.196,0.141,3.097,0.067,0,0.011,0,0.832,0,5.32,5.8,2.73,226.96,13.77,47.43,36.27,120.46,13.7
88,0.428,7.388,0.156,1.524,0.014,0.033,0.622,8.241,0,0.34,0.036,0.022,0.045,0.045,0.048,0.174,0.003,0,10.056,4.686,0.005,4.408,0.048,0.004,0.005,0,1.638,0,3.75,7.73,1.48,284.94,16.61,40.03,36.03,144.76,17.04
89,0.556,14.051,0.222,1.757,0,0.025,0.165,13.868,0,0.215,0.036,0.023,0.034,0.034,0.093,0,0,1.516,11.654,5.552,0.005,5.368,0.113,0,0.019,0,1.723,0.001,5.54,8.89,2.61,329.41,20.56,77.08,49.29,170.33,20.13
90,0.24,9.278,0.258,2.12,0.026,0.017,0.37,4.192,0,0.163,0,0.026,0.033,0.033,0,0,0.003,3.025,6.024,2.602,0.021,5.203,0,0,0.021,0,1.942,0,1.94,10.17,2.06,271.01,13.88,38.67,39,140.82,15.98
91,0.4,5.196,0.129,1.163,0.004,0.021,0.09,2.538,0,0.084,0,0.028,0.026,0.026,0,0,0,7.074,17.14,3.4,0.105,5.88,0.005,0.003,0.019,0,1.925,0,1.43,8.3,1.29,189.71,11.79,16.84,28.78,103.71,12.39
92,0.299,8.552,0.135,1.223,0.004,0.017,0.188,3.529,0,0.208,0,0.04,0.029,0.029,0,0,0,0,21.555,5.668,0,3.634,0.01,0.005,0.009,0,1.219,0,4.46,6.29,1.37,258.04,13.9,42.49,37.77,141.92,16.11
93,0.244,9.54,0.206,2.155,0.021,0.021,0.285,22.382,0,1.067,0,0.017,0.055,0.055,0.096,0,0.003,12.639,7.903,6.771,0.596,4.414,0.118,0.001,0.037,0.044,1.437,0,3.78,7.04,3.12,335.06,18.62,45.68,70.6,165.92,19.56
94,0.757,10.569,0.334,1.693,0.004,0.031,0.245,14.471,0.001,0.737,0,0.092,0.035,0.035,0,0.108,0.001,2.345,54.41,6.301,0.096,10.691,0.122,0.009,0.025,0,3.326,0,2.74,14.8,2.93,258.42,14.63,56.21,71.84,134.11,17.39
95,0.217,3.884,0.074,0.7,0.007,0.003,0.154,3.117,0,0.112,0.039,0,0,0,0,0,0,16.533,1.889,4.751,0.153,3.814,0.029,0.001,0.007,0,1.374,0.004,1.12,2.95,1.57,136.46,6.04,12.52,21.51,69.11,7.48
96,0.516,8.996,0.267,1.217,0.013,-0.005,0.302,5.179,0,0.211,0.109,0.026,0,0,0.048,0,0.001,0,7.122,10.017,0,4.906,0.129,0.003,0.046,0.042,1.479,0,2.95,7.7,1.43,331.18,13.75,39.21,43.15,166.63,19.27
97,0.379,17.638,0.115,1.363,0.006,0.025,0.169,13.588,0,0.198,0.032,0.015,0.047,0.047,0,0,0.005,0,0,9.839,0.006,5.783,0.081,0.008,0.042,0,2.009,0,5.24,8.73,2.53,306.93,22.06,96.06,46.91,169.42,19.92
98,0.551,11.289,0.245,1.931,0.011,0.007,0.136,11.498,0,0.589,0,0.019,0.045,0.045,0.049,0,0,0,4.526,12.352,0.041,6.698,0.077,0.007,0.027,0,1.994,0.005,5.8,9.87,1.99,365.9,14.73,40.12,58.16,182.45,21.03
99,0.179,9.891,0.384,1.805,0.014,0,0.262,3.054,0,0.059,0.036,0.088,0.029,0.029,0.054,0,0.001,0,8.322,12.298,0.013,11.748,0.145,0.005,0.03,0,3.037,0,7.8,18.45,3.12,307.02,14.09,54.9,67.88,160.97,21.37
100,1.189,26.763,0.41,1.929,0.011,0.036,0.289,1.575,0,0.037,0.036,0.287,0.103,0.103,0,0.094,0,0,11.659,3.804,0.185,7.976,0.173,0,0.017,0,1.992,0,3.77,11.7,2.63,202.38,22.26,144.84,61.92,134.32,15.12
101,0.283,8.972,0.382,2.821,0.052,0.055,0.39,2.227,0,0.047,0,0.133,0.084,0.084,0.055,0,0.001,2.096,10.288,5.242,0.151,14.086,0.184,0,0.052,0.037,3.734,0,3.21,15.67,2.33,233.13,21.07,35.45,57.28,122.68,15.49
102,0.606,9.077,0.3,2.431,0.011,0.163,0.176,2.085,0,0.045,0.036,0.063,0.063,0.063,0.047,0,0,0,5.756,3.993,0.131,8.978,0.278,0.004,0.037,0,2.559,0,4.91,10.67,4.69,260.49,20.39,46.7,66.2,132.14,15.65
103,0.393,25.055,0.234,1.839,0.014,0.073,0.844,1.422,0,0.021,0,0.282,0.068,0.068,0,0,0.004,0,4.834,3.691,0.091,8.804,0.235,0.001,0.04,0,2.544,0,3.25,11.93,3,219.41,23.6,125.62,62.87,130.16,15.3
104,0.309,8.311,0.406,3.015,0.034,0.044,1.13,1.962,0,0.038,0,0.129,0.032,0.032,0.047,0,0,0,11.104,2.858,0,9.103,0.154,0,0.02,0,2.067,0,2.42,17.54,1.81,224.58,10.23,32.96,56.2,114.81,12.92
105,0.375,10.909,0.722,3.633,0.024,0.021,0.304,2.4,0,0.058,0,0.395,0.06,0.06,0.056,0,0.002,0,15.297,5.19,0.037,10.316,0.245,0,0.014,0,2.571,0,4.74,17.04,2.9,317.51,12.45,53.11,74.59,169.26,20.04
106,0.43,25.096,0.195,1.685,0.017,0.041,0.252,1.466,0,0.025,0,0.107,0.036,0.036,0.144,0,0.004,0,6.844,4.037,0.233,10.019,0.174,0,0.032,0,2.588,0,3.23,11.54,2.99,199.2,28.52,127.94,53.96,124.32,14.37
107,0.356,9.178,0.577,4.068,0.025,0.042,0.186,2.218,0,0.046,0,0.334,0.022,0.022,0.047,0,0.002,1.654,6.24,5.627,0.003,8.58,0.316,0.001,0.018,0,1.979,0,3.49,13.56,2.56,273.2,15.21,39.71,78.68,138.57,16.33
108,0.393,12.346,0.496,3.756,0.021,0.037,0.23,2.258,0,0.044,0,0.431,0.03,0.03,0,0,0.003,0,5.032,3.781,0,10.261,0.337,0.002,0.033,0,2.452,0,4.68,13.73,2.64,274.45,14.75,59.44,72.21,147.93,16.46
109,0.514,18.391,0.195,3.897,0.008,0.039,0.111,8.957,0,0.268,0,0.03,0.124,0.124,0.047,0,0.003,0,2.817,4.934,0.037,5.735,0.108,0,0.012,0,1.417,0,4.19,12,3.07,249.75,21.96,97.99,57.87,148.52,17.31
110,0.428,6.182,0.604,1.08,0.016,0.01,0.159,2.26,0,0.028,0,0.035,0.088,0.088,0.05,0,0.003,1.431,4.102,3.339,0.176,6.104,0.055,0.002,0.017,0,1.831,0,4.25,9.78,1.74,191.19,14.36,26.19,36.3,104.73,12.85
111,0.456,21.507,0.706,1.567,0.023,0.015,0.14,2.771,0,0.045,0,0.012,0.087,0.087,0,0,0.002,1.642,4.406,4.107,0.133,5.451,0.022,0,0.031,0,1.781,0,2.53,7.68,2.01,208.86,22.48,120.09,29.79,140.2,16.11
112,0.232,7.607,0.114,1.981,0.034,0.054,0.399,5.246,0,0.12,0,0.007,0.07,0.07,0,0.082,0.002,0,8.599,3.467,0.2,9.733,0.056,0,0.053,0,3.269,0,3.71,10.55,1.79,152.97,31.26,33.82,35.04,84.76,11.29
113,0.887,9.077,0.185,1.247,0.045,0.056,0.871,6.909,0,0.098,0,0.006,0.042,0.042,0.047,0,0.004,2.922,3.153,4.941,0.094,6.187,0.046,0,0.025,0,2.713,0,2.88,9.99,3.08,302.86,16.03,41.55,45.06,152.72,17.42
114,0.575,14.674,0.188,3.139,0.025,0.008,0.181,9.056,0.001,0.262,0.036,0.003,0.073,0.073,0.065,0,0.001,0,0.901,6.411,0.029,4.457,0.041,0,0.031,0,1.322,0,4.12,8.05,3.01,286.2,17.32,74.65,42.01,169.33,20.12
115,0,0,0,0,0,0,0,2.996,0,0.094,0.034,0.02,0.03,0.03,0.064,0,0,0,0,0.663,0.015,4.75,0.008,0,0.01,0.033,1.503,0,1.33,6.65,1.01,124.53,8.73,19.34,27.59,64.08,8.66
116,0.469,5.454,0.132,1.652,0.024,0.048,0.376,3.884,0,0.088,0,0.042,0.037,0.037,0.238,0,0,1.574,21.492,1.786,0.151,6.813,0.045,0,0.028,0,2.168,0,1.94,8.77,2.05,141.13,20.95,27.31,30.51,68.4,8.32
117,0.417,14.101,1.124,3.038,0.082,0.027,0.255,4.368,0,0.063,0,0.04,0.08,0.08,0.193,0,0.003,0,3.968,5.387,1.671,5.175,0.042,0,0.027,0,1.4,0.011,6.25,8.68,2.58,300.21,15.86,67.6,47.72,164.78,20.2
118,0.358,11.744,0.102,3.644,0.021,0.051,0.086,7.209,0,0.167,0,0.028,0.078,0.078,0.188,0.087,0,0,0,4.688,0,4.968,0.065,0,0.012,0,1.498,0,4.74,7.79,2.23,212.2,13.13,58.14,46.58,122.68,14.43
119,0.532,8.286,0.15,3.171,0.012,0.037,0.103,5.634,0,0.117,0,0.011,0.074,0.074,0.089,0.084,0,0,1.537,2.959,0.084,4.698,0.048,0,0.033,0,2.171,0,4.25,7.68,3.05,168.02,16.61,44.86,36.24,91.11,11.13
120,0.259,6.937,0.161,0.98,0.021,0.016,0.175,4.884,0,0.058,0,0.012,0.034,0.034,0.098,0,0.001,0,0,2.386,0.175,4.964,0.019,0,0.024,0,1.824,0,2.06,9.68,2.47,210.82,16.87,34.1,37.81,113.25,13.46
121,1.299,10.592,0.298,1.156,0.014,0.112,0.472,7.518,0,0.127,0,0.051,0.07,0.07,0.098,0.092,0.002,0,20.053,7.194,0.189,11.303,0.12,0,0.064,0,3.452,0,2.96,13.62,3.33,303.17,19.05,52.04,48.62,150.65,18.35
122,0.599,8.729,0.172,1.287,0.014,0.03,0.206,7.231,0,0.088,0,0.024,0.075,0.075,0.1,0,0.001,0,4.467,5.471,0.291,5.352,0.047,0,0.017,0,2.26,0,3.29,9.63,5.81,339.06,22.25,47.02,50.36,173.38,19.13
123,0.53,24.801,0.141,6.829,0.048,0.056,0.425,10.326,0,0.289,0,0.029,0.113,0.113,0,0,0,0,25.067,6.416,0.093,8.921,0.057,0,0.041,0,2.924,0,5.09,12.61,2.82,259.86,29.92,115.95,42.73,164.66,19.99
124,0.631,21.024,0.19,6.734,0.025,0.022,0.189,9.652,0,0.287,0,0.014,0.085,0.085,0.101,0,0,0,2.49,4.059,0,4.657,0.042,0,0.016,0,1.298,0,4.48,7.88,2.91,254.39,17.33,91.65,39.77,157.23,18.75
125,0.528,16.414,1.633,4.093,0.073,0.035,0.244,4.664,0.001,0.083,0.035,0.065,0.088,0.088,0.163,0.196,0.003,1.596,11.362,4.782,0.051,9.152,0.088,0,0.037,0,2.337,0,5.14,11.95,2.9,292.28,24.26,74.3,43.68,163.64,21
126,0.246,7.979,0.168,1.476,0.065,0.089,0.591,1.268,0,0.028,0,0.047,0.063,0.063,0.052,0.272,0.001,0,3.654,1.843,0.089,10.221,0.054,0,0.022,0,2.897,0,3.91,13.99,1.56,134.78,15.55,33.37,28.71,70.64,10.93
127,0.321,7.861,0.414,1.671,0.011,0.046,0.216,3.974,0,0.055,0,0.027,0.04,0.04,0.054,0.097,0,2.778,1.76,2.5,0.072,7.708,0.025,0.001,0.026,0,2.035,0,4.04,11.3,2.68,216.71,19.26,37.38,41.43,110.14,14.14
128,0.599,14.964,0.738,2.358,0.02,0.052,0.56,4.531,0,0.196,0,0.025,0.089,0.089,0,0,0,0,3.138,3.791,0.127,5.987,0.076,0,0.016,0,1.315,0,5.7,8.77,3.58,283.37,23.64,68.91,58.52,150.01,19.27
